{"info":{"license_key":"Www.FaHai.Org","company":"FaHai","name":"FaHai","phone":"88888888","email":"888@888.888","country":"China","first_activated":"2021-3-19","expires": "2120-3-19","maintenance_expires":"2120-3-19","max_engines":999999,"max_targets":999999,"product_code":"AOPENT","bxss_user_id":"","bxss_api_key":"","is_offline":false,"is_worker":false},"major_version":13,"minor_version":0,"build_number":210606888,"expired":false,"maintenance_expired":false,"scan":true,"update":true,"access":true,"activation_error":0,"activated":true,"checksum":"d2118df6646c625dbeb46c1e9b85f7f8","grace":-1,"last_reactivated":"2021-3-19"}